{"cameraMode":{"drawMode":0,"name":"Shaded","section":"Shading Mode"},"sceneLighting":true,"audioPlay":false,"sceneViewState":{"m_AlwaysRefresh":true,"showFog":true,"showSkybox":true,"showFlares":true,"showImageEffects":true,"showParticleSystems":true,"showVisualEffectGraphs":true,"m_FxEnabled":true},"in2DMode":false,"pivot":{"x":8.958386421203614,"y":3.449916124343872,"z":2.988645315170288},"rotation":{"x":0.004512595012784004,"y":-0.6090733408927918,"z":-0.0034667053259909155,"w":-0.7930963039398193},"size":12.12435531616211,"orthographic":false}