{"cameraMode":{"drawMode":0,"name":"Shaded","section":"Shading Mode"},"sceneLighting":true,"audioPlay":false,"sceneViewState":{"m_AlwaysRefresh":false,"showFog":true,"showSkybox":true,"showFlares":true,"showImageEffects":true,"showParticleSystems":true,"showVisualEffectGraphs":true,"m_FxEnabled":true},"in2DMode":false,"pivot":{"x":0.000001773238182067871,"y":1.5140886306762696,"z":1.7963426113128663},"rotation":{"x":-0.45805564522743227,"y":-0.0034688557498157026,"z":0.0017872409662231804,"w":-0.8889176845550537},"size":11.631237983703614,"orthographic":false}