{"cameraMode":{"drawMode":0,"name":"Shaded","section":"Shading Mode"},"sceneLighting":false,"audioPlay":false,"sceneViewState":{"m_AlwaysRefresh":false,"showFog":true,"showSkybox":false,"showFlares":true,"showImageEffects":true,"showParticleSystems":true,"showVisualEffectGraphs":true,"m_FxEnabled":true},"in2DMode":false,"pivot":{"x":8.172625541687012,"y":0.8707811832427979,"z":1.465998649597168},"rotation":{"x":-0.013537255115807057,"y":-0.7299156188964844,"z":0.01446026936173439,"w":-0.6832566857337952},"size":0.8469253778457642,"orthographic":false}